PMServiceID,UnitCode,WorkOrderID,ComponentID,ServiceDate,DateKey,TargetSMU,ActualSMU,PMIntervalSMU,IntervalDeviationPct,WithinTolerance10Pct,LabourHours,SourceSystem
PM-00001,TR-001,WO-000010,CMP-SVC,2025-10-17,20251017,17500,16782.8,500,-4.1,1,10.78,CMMS-SIM
PM-00002,TR-001,WO-000012,CMP-SVC,2025-10-18,20251018,13000,17403.6,250,33.87,0,3.6,CMMS-SIM
PM-00003,TR-001,WO-000013,CMP-SVC,2025-10-20,20251020,21750,21403.5,250,-1.59,1,9.87,CMMS-SIM
PM-00004,TR-001,WO-000017,CMP-SVC,2025-10-26,20251026,17750,16975.1,250,-4.37,1,5.08,CMMS-SIM
PM-00005,TR-001,WO-000030,CMP-SVC,2025-11-13,20251113,15000,15198.2,250,1.32,1,5.45,CMMS-SIM
PM-00006,TR-001,WO-000034,CMP-SVC,2025-11-22,20251122,18500,18443.8,250,-0.3,1,7.4,CMMS-SIM
PM-00007,TR-001,WO-000039,CMP-SVC,2025-11-30,20251130,21500,20041.8,500,-6.78,1,10.22,CMMS-SIM
PM-00008,TR-001,WO-000047,CMP-SVC,2025-12-13,20251213,17000,16832.9,1000,-0.98,1,9.74,CMMS-SIM
PM-00009,TR-001,WO-000049,CMP-SVC,2025-12-14,20251214,21500,20022.7,500,-6.87,1,7.72,CMMS-SIM
PM-00010,TR-001,WO-000054,CMP-SVC,2025-12-20,20251220,24000,23065.2,250,-3.9,1,4.76,CMMS-SIM
PM-00011,TR-001,WO-000056,CMP-SVC,2025-12-23,20251223,22750,21156.8,250,-7.0,1,5.7,CMMS-SIM
PM-00012,TR-001,WO-000066,CMP-SVC,2026-01-15,20260115,7750,7677.3,250,-0.94,1,5.9,CMMS-SIM
PM-00013,TR-001,WO-000141,CMP-SVC,2026-06-30,20260630,14500,15735.0,500,8.52,1,5.51,CMMS-SIM
PM-00014,TR-001,WO-000147,CMP-SVC,2026-07-10,20260710,22000,23266.7,1000,5.76,1,12.03,CMMS-SIM
PM-00015,TR-002,WO-000168,CMP-SVC,2025-10-10,20251010,13250,13574.9,250,2.45,1,5.83,CMMS-SIM
PM-00016,TR-002,WO-000190,CMP-SVC,2025-11-03,20251103,15500,19404.3,250,25.19,0,7.52,CMMS-SIM
PM-00017,TR-002,WO-000214,CMP-SVC,2025-12-15,20251215,15250,20201.3,250,32.47,0,4.51,CMMS-SIM
PM-00018,TR-002,WO-000225,CMP-SVC,2025-12-24,20251224,21000,27123.6,500,29.16,0,10.44,CMMS-SIM
PM-00019,TR-002,WO-000227,CMP-SVC,2025-12-27,20251227,13500,14653.2,500,8.54,1,8.54,CMMS-SIM
PM-00020,TR-002,WO-000231,CMP-SVC,2026-01-02,20260102,8750,8056.2,250,-7.93,1,6.58,CMMS-SIM
PM-00021,TR-002,WO-000239,CMP-SVC,2026-01-22,20260122,12000,12428.4,1000,3.57,1,11.55,CMMS-SIM
PM-00022,TR-002,WO-000252,CMP-SVC,2026-02-28,20260228,14000,13781.4,1000,-1.56,1,10.02,CMMS-SIM
PM-00023,TR-002,WO-000256,CMP-SVC,2026-03-06,20260306,20500,18701.2,250,-8.77,1,9.96,CMMS-SIM
PM-00024,TR-002,WO-000301,CMP-SVC,2026-05-26,20260526,7250,7247.6,250,-0.03,1,2.73,CMMS-SIM
PM-00025,TR-002,WO-000306,CMP-SVC,2026-06-12,20260612,7000,6047.1,1000,-13.61,0,12.65,CMMS-SIM
PM-00026,TR-002,WO-000319,CMP-SVC,2026-07-23,20260723,24000,26228.8,500,9.29,1,6.67,CMMS-SIM
PM-00027,TR-002,WO-000320,CMP-SVC,2026-07-28,20260728,15000,15792.2,250,5.28,1,6.32,CMMS-SIM
PM-00028,TR-002,WO-000321,CMP-SVC,2026-08-01,20260801,23000,23065.9,1000,0.29,1,9.38,CMMS-SIM
PM-00029,TR-002,WO-000323,CMP-SVC,2026-08-10,20260810,22750,24304.4,250,6.83,1,8.63,CMMS-SIM
PM-00030,TR-003,WO-000358,CMP-SVC,2025-11-22,20251122,21000,20697.1,250,-1.44,1,5.06,CMMS-SIM
PM-00031,TR-003,WO-000398,CMP-SVC,2026-01-18,20260118,23750,24056.4,250,1.29,1,2.84,CMMS-SIM
PM-00032,TR-003,WO-000411,CMP-SVC,2026-02-02,20260202,8500,9901.8,500,16.49,0,7.38,CMMS-SIM
PM-00033,TR-003,WO-000412,CMP-SVC,2026-02-03,20260203,9000,9029.4,250,0.33,1,3.91,CMMS-SIM
PM-00034,TR-003,WO-000414,CMP-SVC,2026-02-06,20260206,22500,21781.8,250,-3.19,1,7.28,CMMS-SIM
PM-00035,TR-003,WO-000417,CMP-SVC,2026-02-15,20260215,7250,6937.4,250,-4.31,1,3.18,CMMS-SIM
PM-00036,TR-003,WO-000424,CMP-SVC,2026-03-04,20260304,23000,29731.6,250,29.27,0,4.67,CMMS-SIM
PM-00037,TR-003,WO-000428,CMP-SVC,2026-03-06,20260306,22000,20232.7,500,-8.03,1,10.66,CMMS-SIM
PM-00038,TR-003,WO-000442,CMP-SVC,2026-03-30,20260330,9500,10546.8,250,11.02,0,7.52,CMMS-SIM
PM-00039,TR-003,WO-000447,CMP-SVC,2026-04-04,20260404,16500,21072.0,500,27.71,0,6.38,CMMS-SIM
PM-00040,TR-003,WO-000448,CMP-SVC,2026-04-05,20260405,21000,27946.2,500,33.08,0,12.95,CMMS-SIM
PM-00041,TR-003,WO-000450,CMP-SVC,2026-04-10,20260410,7250,7085.2,250,-2.27,1,7.54,CMMS-SIM
PM-00042,TR-003,WO-000452,CMP-SVC,2026-04-14,20260414,9500,8832.7,250,-7.02,1,5.85,CMMS-SIM
PM-00043,TR-003,WO-000461,CMP-SVC,2026-05-03,20260503,7500,7083.2,500,-5.56,1,10.49,CMMS-SIM
PM-00044,TR-003,WO-000464,CMP-SVC,2026-05-08,20260508,7000,6833.4,500,-2.38,1,10.12,CMMS-SIM
PM-00045,TR-003,WO-000471,CMP-SVC,2026-05-26,20260526,10750,9329.5,250,-13.21,0,4.82,CMMS-SIM
PM-00046,TR-003,WO-000479,CMP-SVC,2026-06-25,20260625,16000,16288.6,500,1.8,1,9.77,CMMS-SIM
PM-00047,TR-003,WO-000489,CMP-SVC,2026-07-10,20260710,13500,13875.9,250,2.78,1,4.37,CMMS-SIM
PM-00048,TR-004,WO-000511,CMP-SVC,2025-10-05,20251005,15500,19240.6,250,24.13,0,9.24,CMMS-SIM
PM-00049,TR-004,WO-000515,CMP-SVC,2025-10-09,20251009,11250,9653.4,250,-14.19,0,3.57,CMMS-SIM
PM-00050,TR-004,WO-000522,CMP-SVC,2025-10-17,20251017,7750,7902.2,250,1.96,1,4.35,CMMS-SIM
PM-00051,TR-004,WO-000536,CMP-SVC,2025-11-06,20251106,10000,10379.4,1000,3.79,1,8.71,CMMS-SIM
PM-00052,TR-004,WO-000561,CMP-SVC,2025-12-01,20251201,17000,14585.1,250,-14.21,0,9.25,CMMS-SIM
PM-00053,TR-004,WO-000566,CMP-SVC,2025-12-18,20251218,9500,9660.5,500,1.69,1,7.39,CMMS-SIM
PM-00054,TR-004,WO-000588,CMP-SVC,2026-01-31,20260131,16500,14070.5,500,-14.72,0,12.01,CMMS-SIM
PM-00055,TR-004,WO-000589,CMP-SVC,2026-02-01,20260201,12250,13138.7,250,7.25,1,9.54,CMMS-SIM
PM-00056,TR-004,WO-000593,CMP-SVC,2026-02-03,20260203,20500,20634.4,250,0.66,1,7.99,CMMS-SIM
PM-00057,TR-004,WO-000596,CMP-SVC,2026-02-12,20260212,9750,8676.6,250,-11.01,0,7.76,CMMS-SIM
PM-00058,TR-004,WO-000599,CMP-SVC,2026-02-19,20260219,18750,16234.5,250,-13.42,0,7.51,CMMS-SIM
PM-00059,TR-004,WO-000600,CMP-SVC,2026-02-20,20260220,17250,17682.9,250,2.51,1,6.75,CMMS-SIM
PM-00060,TR-004,WO-000615,CMP-SVC,2026-03-18,20260318,20250,26624.4,250,31.48,0,5.01,CMMS-SIM
PM-00061,TR-004,WO-000617,CMP-SVC,2026-03-22,20260322,22500,24641.4,250,9.52,1,7.07,CMMS-SIM
PM-00062,TR-004,WO-000626,CMP-SVC,2026-04-01,20260401,16500,15662.0,500,-5.08,1,11.79,CMMS-SIM
PM-00063,TR-004,WO-000627,CMP-SVC,2026-04-07,20260407,6250,6629.8,250,6.08,1,5.36,CMMS-SIM
PM-00064,TR-004,WO-000635,CMP-SVC,2026-04-26,20260426,15500,14740.5,250,-4.9,1,7.55,CMMS-SIM
PM-00065,TR-004,WO-000680,CMP-SVC,2026-07-31,20260731,8000,8383.7,1000,4.8,1,6.15,CMMS-SIM
PM-00066,TR-004,WO-000682,CMP-SVC,2026-08-06,20260806,16750,17077.1,250,1.95,1,5.62,CMMS-SIM
PM-00067,TR-005,WO-000706,CMP-SVC,2025-10-20,20251020,7000,8033.7,500,14.77,0,8.26,CMMS-SIM
PM-00068,TR-005,WO-000708,CMP-SVC,2025-10-22,20251022,14250,18076.4,250,26.85,0,9.39,CMMS-SIM
PM-00069,TR-005,WO-000710,CMP-SVC,2025-10-24,20251024,8750,7658.5,250,-12.47,0,6.85,CMMS-SIM
PM-00070,TR-005,WO-000718,CMP-SVC,2025-11-15,20251115,9000,8058.8,500,-10.46,0,7.98,CMMS-SIM
PM-00071,TR-005,WO-000721,CMP-SVC,2025-11-20,20251120,13500,13865.0,500,2.7,1,14.69,CMMS-SIM
PM-00072,TR-005,WO-000722,CMP-SVC,2025-11-20,20251120,11250,12234.5,250,8.75,1,2.29,CMMS-SIM
PM-00073,TR-005,WO-000739,CMP-SVC,2025-12-18,20251218,18500,17940.4,250,-3.02,1,3.5,CMMS-SIM
PM-00074,TR-005,WO-000742,CMP-SVC,2025-12-21,20251221,11250,13264.6,250,17.91,0,6.56,CMMS-SIM
PM-00075,TR-005,WO-000748,CMP-SVC,2026-01-01,20260101,12500,12379.5,250,-0.96,1,4.38,CMMS-SIM
PM-00076,TR-005,WO-000770,CMP-SVC,2026-02-07,20260207,10500,11456.2,250,9.11,1,6.24,CMMS-SIM
PM-00077,TR-005,WO-000778,CMP-SVC,2026-02-27,20260227,15500,15872.2,500,2.4,1,8.47,CMMS-SIM
PM-00078,TR-005,WO-000785,CMP-SVC,2026-03-08,20260308,10750,11890.7,250,10.61,0,4.39,CMMS-SIM
PM-00079,TR-005,WO-000796,CMP-SVC,2026-03-27,20260327,18250,23537.9,250,28.97,0,6.14,CMMS-SIM
PM-00080,TR-005,WO-000804,CMP-SVC,2026-04-10,20260410,11250,11360.7,250,0.98,1,8.65,CMMS-SIM
PM-00081,TR-005,WO-000805,CMP-SVC,2026-04-16,20260416,23000,22990.1,1000,-0.04,1,10.03,CMMS-SIM
PM-00082,TR-005,WO-000830,CMP-SVC,2026-05-28,20260528,21250,18086.1,250,-14.89,0,8.6,CMMS-SIM
PM-00083,TR-006,WO-000880,CMP-SVC,2025-10-20,20251020,12500,13630.0,250,9.04,1,10.67,CMMS-SIM
PM-00084,TR-006,WO-000881,CMP-SVC,2025-10-22,20251022,23250,22474.6,250,-3.34,1,6.89,CMMS-SIM
PM-00085,TR-006,WO-000900,CMP-SVC,2025-11-15,20251115,23000,21785.5,250,-5.28,1,8.22,CMMS-SIM
PM-00086,TR-006,WO-000901,CMP-SVC,2025-11-16,20251116,19500,26104.9,500,33.87,0,8.74,CMMS-SIM
PM-00087,TR-006,WO-000918,CMP-SVC,2025-12-08,20251208,6500,6378.6,250,-1.87,1,7.21,CMMS-SIM
PM-00088,TR-006,WO-000927,CMP-SVC,2025-12-20,20251220,17000,18052.6,500,6.19,1,8.88,CMMS-SIM
PM-00089,TR-006,WO-000956,CMP-SVC,2026-02-11,20260211,19750,18869.0,250,-4.46,1,7.41,CMMS-SIM
PM-00090,TR-006,WO-000957,CMP-SVC,2026-02-12,20260212,16000,17228.2,1000,7.68,1,9.63,CMMS-SIM
PM-00091,TR-006,WO-000958,CMP-SVC,2026-02-16,20260216,18000,19208.0,500,6.71,1,8.7,CMMS-SIM
PM-00092,TR-006,WO-000964,CMP-SVC,2026-03-01,20260301,20000,21434.4,250,7.17,1,10.6,CMMS-SIM
PM-00093,TR-006,WO-000969,CMP-SVC,2026-03-09,20260309,8500,7876.9,250,-7.33,1,6.04,CMMS-SIM
PM-00094,TR-006,WO-000972,CMP-SVC,2026-03-12,20260312,6500,6310.6,250,-2.91,1,7.53,CMMS-SIM
PM-00095,TR-006,WO-000978,CMP-SVC,2026-04-01,20260401,12000,11086.6,500,-7.61,1,13.3,CMMS-SIM
PM-00096,TR-006,WO-000990,CMP-SVC,2026-05-01,20260501,11500,11496.9,250,-0.03,1,6.78,CMMS-SIM
PM-00097,TR-006,WO-001001,CMP-SVC,2026-06-18,20260618,21500,18987.9,500,-11.68,0,12.9,CMMS-SIM
PM-00098,TR-007,WO-001028,CMP-SVC,2025-10-09,20251009,9000,8824.3,1000,-1.95,1,10.13,CMMS-SIM
PM-00099,TR-007,WO-001030,CMP-SVC,2025-10-16,20251016,13000,12223.9,250,-5.97,1,6.03,CMMS-SIM
PM-00100,TR-007,WO-001060,CMP-SVC,2025-12-07,20251207,21000,20488.8,1000,-2.43,1,9.55,CMMS-SIM
PM-00101,TR-007,WO-001068,CMP-SVC,2025-12-21,20251221,10000,8700.7,500,-12.99,0,8.05,CMMS-SIM
PM-00102,TR-007,WO-001078,CMP-SVC,2026-01-03,20260103,12250,11155.9,250,-8.93,1,5.96,CMMS-SIM
PM-00103,TR-007,WO-001083,CMP-SVC,2026-01-08,20260108,16000,17556.9,500,9.73,1,10.92,CMMS-SIM
PM-00104,TR-007,WO-001095,CMP-SVC,2026-01-24,20260124,7000,7491.3,1000,7.02,1,9.18,CMMS-SIM
PM-00105,TR-007,WO-001106,CMP-SVC,2026-02-16,20260216,8750,11146.9,250,27.39,0,9.94,CMMS-SIM
PM-00106,TR-007,WO-001111,CMP-SVC,2026-02-20,20260220,17250,17229.2,250,-0.12,1,7.53,CMMS-SIM
PM-00107,TR-007,WO-001113,CMP-SVC,2026-02-23,20260223,19500,20191.8,500,3.55,1,7.92,CMMS-SIM
PM-00108,TR-007,WO-001116,CMP-SVC,2026-03-01,20260301,15000,12855.4,250,-14.3,0,4.8,CMMS-SIM
PM-00109,TR-007,WO-001140,CMP-SVC,2026-04-13,20260413,15500,16889.1,250,8.96,1,4.1,CMMS-SIM
PM-00110,TR-007,WO-001152,CMP-SVC,2026-05-11,20260511,12500,13148.3,500,5.19,1,9.79,CMMS-SIM
PM-00111,TR-007,WO-001155,CMP-SVC,2026-05-18,20260518,23500,20303.3,250,-13.6,0,6.15,CMMS-SIM
PM-00112,TR-007,WO-001160,CMP-SVC,2026-05-25,20260525,16000,15592.7,1000,-2.55,1,10.36,CMMS-SIM
PM-00113,TR-007,WO-001167,CMP-SVC,2026-05-30,20260530,19500,17290.2,250,-11.33,0,7.42,CMMS-SIM
PM-00114,TR-007,WO-001179,CMP-SVC,2026-07-01,20260701,23750,23497.9,250,-1.06,1,6.72,CMMS-SIM
PM-00115,TR-007,WO-001185,CMP-SVC,2026-07-18,20260718,8000,7506.8,1000,-6.17,1,13.35,CMMS-SIM
PM-00116,TR-008,WO-001217,CMP-SVC,2025-10-23,20251023,11500,12509.6,250,8.78,1,3.67,CMMS-SIM
PM-00117,TR-008,WO-001230,CMP-SVC,2025-11-14,20251114,13000,12452.8,500,-4.21,1,10.73,CMMS-SIM
PM-00118,TR-008,WO-001246,CMP-SVC,2025-12-11,20251211,19000,16486.9,250,-13.23,0,6.99,CMMS-SIM
PM-00119,TR-008,WO-001269,CMP-SVC,2026-02-04,20260204,12750,12454.2,250,-2.32,1,6.56,CMMS-SIM
PM-00120,TR-008,WO-001285,CMP-SVC,2026-03-03,20260303,7750,7041.8,250,-9.14,1,4.73,CMMS-SIM
PM-00121,TR-008,WO-001292,CMP-SVC,2026-03-19,20260319,22500,19640.3,500,-12.71,0,6.57,CMMS-SIM
PM-00122,TR-008,WO-001300,CMP-SVC,2026-04-05,20260405,16750,14244.1,250,-14.96,0,4.67,CMMS-SIM
PM-00123,TR-008,WO-001305,CMP-SVC,2026-04-12,20260412,18000,20411.2,1000,13.4,0,7.54,CMMS-SIM
PM-00124,TR-008,WO-001312,CMP-SVC,2026-04-21,20260421,23250,21975.4,250,-5.48,1,8.34,CMMS-SIM
PM-00125,TR-008,WO-001316,CMP-SVC,2026-04-28,20260428,10750,10009.3,250,-6.89,1,8.47,CMMS-SIM
PM-00126,TR-008,WO-001329,CMP-SVC,2026-05-23,20260523,21750,27395.9,250,25.96,0,7.17,CMMS-SIM
PM-00127,TR-008,WO-001334,CMP-SVC,2026-05-31,20260531,10000,13462.0,250,34.62,0,9.6,CMMS-SIM
PM-00128,TR-008,WO-001348,CMP-SVC,2026-07-14,20260714,6000,6221.0,250,3.68,1,8.56,CMMS-SIM
PM-00129,TR-009,WO-001367,CMP-SVC,2025-10-11,20251011,19750,18101.3,250,-8.35,1,9.77,CMMS-SIM
PM-00130,TR-009,WO-001370,CMP-SVC,2025-10-19,20251019,22000,23288.7,250,5.86,1,7.69,CMMS-SIM
PM-00131,TR-009,WO-001371,CMP-SVC,2025-10-22,20251022,13500,12468.2,250,-7.64,1,5.53,CMMS-SIM
PM-00132,TR-009,WO-001373,CMP-SVC,2025-10-26,20251026,17500,17749.8,500,1.43,1,10.46,CMMS-SIM
PM-00133,TR-009,WO-001375,CMP-SVC,2025-11-01,20251101,6750,8965.8,250,32.83,0,5.91,CMMS-SIM
PM-00134,TR-009,WO-001381,CMP-SVC,2025-11-12,20251112,21000,19996.1,250,-4.78,1,6.52,CMMS-SIM
PM-00135,TR-009,WO-001393,CMP-SVC,2025-12-01,20251201,12500,12966.1,250,3.73,1,6.66,CMMS-SIM
PM-00136,TR-009,WO-001408,CMP-SVC,2025-12-14,20251214,21000,26077.5,250,24.18,0,4.48,CMMS-SIM
PM-00137,TR-009,WO-001410,CMP-SVC,2025-12-16,20251216,21500,18942.4,500,-11.9,0,11.22,CMMS-SIM
PM-00138,TR-009,WO-001430,CMP-SVC,2026-01-13,20260113,18750,16865.1,250,-10.05,0,6.83,CMMS-SIM
PM-00139,TR-009,WO-001436,CMP-SVC,2026-01-26,20260126,19000,16296.2,1000,-14.23,0,13.42,CMMS-SIM
PM-00140,TR-009,WO-001445,CMP-SVC,2026-02-19,20260219,17500,17276.3,250,-1.28,1,6.53,CMMS-SIM
PM-00141,TR-009,WO-001481,CMP-SVC,2026-05-13,20260513,19000,22405.4,250,17.92,0,5.84,CMMS-SIM
PM-00142,TR-010,WO-001518,CMP-SVC,2025-10-04,20251004,6000,6352.6,1000,5.88,1,12.56,CMMS-SIM
PM-00143,TR-010,WO-001522,CMP-SVC,2025-10-13,20251013,23250,28316.2,250,21.79,0,4.74,CMMS-SIM
PM-00144,TR-010,WO-001523,CMP-SVC,2025-10-16,20251016,23250,22966.2,250,-1.22,1,7.87,CMMS-SIM
PM-00145,TR-010,WO-001526,CMP-SVC,2025-10-22,20251022,17750,19481.7,250,9.76,1,8.98,CMMS-SIM
PM-00146,TR-010,WO-001532,CMP-SVC,2025-11-01,20251101,10250,9590.5,250,-6.43,1,5.88,CMMS-SIM
PM-00147,TR-010,WO-001536,CMP-SVC,2025-11-03,20251103,17250,16577.6,250,-3.9,1,7.45,CMMS-SIM
PM-00148,TR-010,WO-001540,CMP-SVC,2025-11-05,20251105,23000,20820.0,250,-9.48,1,4.46,CMMS-SIM
PM-00149,TR-010,WO-001553,CMP-SVC,2025-11-24,20251124,6500,5644.7,250,-13.16,0,5.6,CMMS-SIM
PM-00150,TR-010,WO-001607,CMP-SVC,2026-03-09,20260309,11750,11484.5,250,-2.26,1,5.12,CMMS-SIM
PM-00151,TR-010,WO-001613,CMP-SVC,2026-03-15,20260315,11500,12946.0,500,12.57,0,13.16,CMMS-SIM
PM-00152,TR-010,WO-001620,CMP-SVC,2026-03-31,20260331,13500,12306.8,250,-8.84,1,5.99,CMMS-SIM
PM-00153,TR-010,WO-001626,CMP-SVC,2026-04-09,20260409,14500,13570.9,500,-6.41,1,11.28,CMMS-SIM
PM-00154,TR-010,WO-001630,CMP-SVC,2026-04-19,20260419,20000,21381.8,500,6.91,1,11.67,CMMS-SIM
PM-00155,TR-010,WO-001657,CMP-SVC,2026-06-14,20260614,23000,24338.7,250,5.82,1,10.47,CMMS-SIM
PM-00156,TR-010,WO-001660,CMP-SVC,2026-06-19,20260619,18000,16185.9,500,-10.08,0,10.05,CMMS-SIM
PM-00157,TR-010,WO-001669,CMP-SVC,2026-07-15,20260715,14000,13997.0,500,-0.02,1,11.21,CMMS-SIM
PM-00158,TR-010,WO-001683,CMP-SVC,2026-08-31,20260831,11000,13434.7,500,22.13,0,12.12,CMMS-SIM
PM-00159,TR-011,WO-001714,CMP-SVC,2025-11-10,20251110,14000,13735.9,250,-1.89,1,6.11,CMMS-SIM
PM-00160,TR-011,WO-001716,CMP-SVC,2025-11-14,20251114,15000,13018.7,1000,-13.21,0,7.97,CMMS-SIM
PM-00161,TR-011,WO-001725,CMP-SVC,2025-11-30,20251130,6500,7030.3,250,8.16,1,5.67,CMMS-SIM
PM-00162,TR-011,WO-001731,CMP-SVC,2025-12-09,20251209,19250,20184.3,250,4.85,1,4.71,CMMS-SIM
PM-00163,TR-011,WO-001767,CMP-SVC,2026-02-04,20260204,17000,17960.2,500,5.65,1,11.66,CMMS-SIM
PM-00164,TR-011,WO-001770,CMP-SVC,2026-02-11,20260211,10750,10101.6,250,-6.03,1,4.51,CMMS-SIM
PM-00165,TR-011,WO-001771,CMP-SVC,2026-02-12,20260212,11500,11382.2,500,-1.02,1,8.71,CMMS-SIM
PM-00166,TR-011,WO-001772,CMP-SVC,2026-02-14,20260214,15000,14379.6,1000,-4.14,1,11.78,CMMS-SIM
PM-00167,TR-011,WO-001784,CMP-SVC,2026-03-04,20260304,12000,12123.4,250,1.03,1,7.12,CMMS-SIM
PM-00168,TR-011,WO-001789,CMP-SVC,2026-03-17,20260317,23500,29676.6,250,26.28,0,7.57,CMMS-SIM
PM-00169,TR-011,WO-001799,CMP-SVC,2026-03-31,20260331,13500,16226.0,500,20.19,0,15.13,CMMS-SIM
PM-00170,TR-011,WO-001817,CMP-SVC,2026-04-26,20260426,8000,7870.8,250,-1.62,1,5.77,CMMS-SIM
PM-00171,TR-011,WO-001822,CMP-SVC,2026-05-07,20260507,11500,11200.4,500,-2.6,1,7.9,CMMS-SIM
PM-00172,TR-011,WO-001825,CMP-SVC,2026-05-10,20260510,20000,19486.5,500,-2.57,1,9.3,CMMS-SIM
PM-00173,TR-011,WO-001831,CMP-SVC,2026-05-24,20260524,10000,11355.1,500,13.55,0,13.76,CMMS-SIM
PM-00174,TR-011,WO-001834,CMP-SVC,2026-05-29,20260529,8000,7653.5,250,-4.33,1,6.58,CMMS-SIM
PM-00175,TR-011,WO-001852,CMP-SVC,2026-07-04,20260704,10000,10968.8,1000,9.69,1,6.94,CMMS-SIM
PM-00176,TR-012,WO-001870,CMP-SVC,2025-10-12,20251012,7250,6479.8,250,-10.62,0,6.56,CMMS-SIM
PM-00177,TR-012,WO-001885,CMP-SVC,2025-11-08,20251108,19750,20688.8,250,4.75,1,6.55,CMMS-SIM
PM-00178,TR-012,WO-001889,CMP-SVC,2025-11-16,20251116,12250,12050.2,250,-1.63,1,6.62,CMMS-SIM
PM-00179,TR-012,WO-001894,CMP-SVC,2025-12-01,20251201,8000,7134.9,500,-10.81,0,6.76,CMMS-SIM
PM-00180,TR-012,WO-001923,CMP-SVC,2026-01-24,20260124,11250,10341.1,250,-8.08,1,5.19,CMMS-SIM
PM-00181,TR-012,WO-001934,CMP-SVC,2026-02-17,20260217,12250,11439.7,250,-6.61,1,3.24,CMMS-SIM
PM-00182,TR-012,WO-001951,CMP-SVC,2026-03-16,20260316,17500,21735.8,500,24.2,0,7.44,CMMS-SIM
PM-00183,TR-012,WO-001959,CMP-SVC,2026-03-28,20260328,15000,15855.5,1000,5.7,1,8.79,CMMS-SIM
PM-00184,TR-012,WO-001964,CMP-SVC,2026-04-09,20260409,11250,10746.0,250,-4.48,1,8.24,CMMS-SIM
PM-00185,TR-012,WO-001974,CMP-SVC,2026-05-05,20260505,8000,10486.5,500,31.08,0,12.9,CMMS-SIM
PM-00186,TR-012,WO-001984,CMP-SVC,2026-05-28,20260528,21000,21314.8,500,1.5,1,13.62,CMMS-SIM
PM-00187,TR-012,WO-001997,CMP-SVC,2026-06-17,20260617,19750,18554.5,250,-6.05,1,3.58,CMMS-SIM
PM-00188,TR-012,WO-002016,CMP-SVC,2026-08-18,20260818,17500,18290.2,500,4.52,1,13.22,CMMS-SIM
PM-00189,TR-012,WO-002019,CMP-SVC,2026-09-01,20260901,7500,7985.8,250,6.48,1,5.44,CMMS-SIM
PM-00190,LH-001,WO-002046,CMP-SVC,2025-11-08,20251108,10000,10630.1,1000,6.3,1,10.67,CMMS-SIM
PM-00191,LH-001,WO-002062,CMP-SVC,2025-11-27,20251127,19500,19586.3,250,0.44,1,3.09,CMMS-SIM
PM-00192,LH-001,WO-002072,CMP-SVC,2025-12-08,20251208,7000,6148.8,1000,-12.16,0,13.86,CMMS-SIM
PM-00193,LH-001,WO-002090,CMP-SVC,2025-12-29,20251229,16000,14651.4,500,-8.43,1,11.16,CMMS-SIM
PM-00194,LH-001,WO-002103,CMP-SVC,2026-01-23,20260123,16250,17490.5,250,7.63,1,7.46,CMMS-SIM
PM-00195,LH-001,WO-002109,CMP-SVC,2026-01-29,20260129,22000,22513.7,250,2.33,1,10.32,CMMS-SIM
PM-00196,LH-001,WO-002119,CMP-SVC,2026-02-21,20260221,19000,20304.4,250,6.87,1,3.33,CMMS-SIM
PM-00197,LH-001,WO-002120,CMP-SVC,2026-02-21,20260221,9500,8712.1,250,-8.29,1,8.88,CMMS-SIM
PM-00198,LH-001,WO-002122,CMP-SVC,2026-02-24,20260224,21000,21961.6,250,4.58,1,4.5,CMMS-SIM
PM-00199,LH-001,WO-002131,CMP-SVC,2026-03-06,20260306,13250,13230.9,250,-0.14,1,8.78,CMMS-SIM
PM-00200,LH-001,WO-002166,CMP-SVC,2026-05-13,20260513,22750,19641.3,250,-13.66,0,4.87,CMMS-SIM
PM-00201,LH-001,WO-002185,CMP-SVC,2026-06-05,20260605,6500,8489.8,500,30.61,0,5.05,CMMS-SIM
PM-00202,LH-001,WO-002191,CMP-SVC,2026-06-18,20260618,13000,12083.6,500,-7.05,1,5.48,CMMS-SIM
PM-00203,LH-001,WO-002219,CMP-SVC,2026-07-27,20260727,12500,11334.3,500,-9.33,1,13.07,CMMS-SIM
PM-00204,LH-001,WO-002222,CMP-SVC,2026-08-06,20260806,9750,10532.7,250,8.03,1,5.18,CMMS-SIM
PM-00205,LH-001,WO-002229,CMP-SVC,2026-08-15,20260815,13000,13076.9,500,0.59,1,14.48,CMMS-SIM
PM-00206,LH-002,WO-002245,CMP-SVC,2025-10-13,20251013,18000,18068.2,500,0.38,1,9.7,CMMS-SIM
PM-00207,LH-002,WO-002255,CMP-SVC,2025-10-24,20251024,17750,23283.6,250,31.18,0,5.74,CMMS-SIM
PM-00208,LH-002,WO-002256,CMP-SVC,2025-10-25,20251025,8000,7379.8,500,-7.75,1,12.12,CMMS-SIM
PM-00209,LH-002,WO-002261,CMP-SVC,2025-10-29,20251029,11750,10677.1,250,-9.13,1,4.71,CMMS-SIM
PM-00210,LH-002,WO-002275,CMP-SVC,2025-11-15,20251115,16250,16314.6,250,0.4,1,5.98,CMMS-SIM
PM-00211,LH-002,WO-002328,CMP-SVC,2026-01-18,20260118,8000,10073.2,250,25.92,0,5.75,CMMS-SIM
PM-00212,LH-002,WO-002353,CMP-SVC,2026-02-25,20260225,16000,17562.8,250,9.77,1,1.76,CMMS-SIM
PM-00213,LH-002,WO-002368,CMP-SVC,2026-03-16,20260316,16500,15384.2,250,-6.76,1,5.11,CMMS-SIM
PM-00214,LH-002,WO-002382,CMP-SVC,2026-04-02,20260402,16000,16307.1,500,1.92,1,8.01,CMMS-SIM
PM-00215,LH-002,WO-002384,CMP-SVC,2026-04-06,20260406,21500,22276.8,500,3.61,1,7.0,CMMS-SIM
PM-00216,LH-002,WO-002399,CMP-SVC,2026-05-19,20260519,9000,7850.8,250,-12.77,0,5.84,CMMS-SIM
PM-00217,LH-002,WO-002428,CMP-SVC,2026-07-02,20260702,13000,13872.1,250,6.71,1,6.49,CMMS-SIM
PM-00218,LH-002,WO-002440,CMP-SVC,2026-07-16,20260716,8000,7829.1,500,-2.14,1,11.1,CMMS-SIM
PM-00219,LH-002,WO-002442,CMP-SVC,2026-07-25,20260725,20500,22387.7,500,9.21,1,9.51,CMMS-SIM
PM-00220,LH-002,WO-002446,CMP-SVC,2026-07-30,20260730,23250,23584.4,250,1.44,1,4.84,CMMS-SIM
PM-00221,LH-002,WO-002452,CMP-SVC,2026-08-10,20260810,9500,9411.4,500,-0.93,1,10.35,CMMS-SIM
PM-00222,LH-002,WO-002455,CMP-SVC,2026-08-15,20260815,15500,13313.0,500,-14.11,0,12.07,CMMS-SIM
PM-00223,LH-002,WO-002458,CMP-SVC,2026-09-05,20260905,22750,24452.6,250,7.48,1,6.23,CMMS-SIM
PM-00224,LH-003,WO-002500,CMP-SVC,2025-11-16,20251116,10000,9770.9,250,-2.29,1,3.78,CMMS-SIM
PM-00225,LH-003,WO-002517,CMP-SVC,2025-12-02,20251202,7000,9217.1,500,31.67,0,10.73,CMMS-SIM
PM-00226,LH-003,WO-002519,CMP-SVC,2025-12-04,20251204,21500,20443.7,500,-4.91,1,10.57,CMMS-SIM
PM-00227,LH-003,WO-002527,CMP-SVC,2025-12-10,20251210,13000,11353.7,250,-12.66,0,5.49,CMMS-SIM
PM-00228,LH-003,WO-002536,CMP-SVC,2025-12-22,20251222,7000,7156.4,1000,2.23,1,11.96,CMMS-SIM
PM-00229,LH-003,WO-002558,CMP-SVC,2026-01-25,20260125,23000,24781.9,250,7.75,1,10.2,CMMS-SIM
PM-00230,LH-003,WO-002588,CMP-SVC,2026-03-11,20260311,7250,7286.2,250,0.5,1,5.21,CMMS-SIM
PM-00231,LH-003,WO-002603,CMP-SVC,2026-03-25,20260325,12250,11236.1,250,-8.28,1,3.83,CMMS-SIM
PM-00232,LH-003,WO-002624,CMP-SVC,2026-05-02,20260502,12500,12938.8,250,3.51,1,9.66,CMMS-SIM
PM-00233,LH-003,WO-002645,CMP-SVC,2026-06-16,20260616,12250,12074.6,250,-1.43,1,6.15,CMMS-SIM
PM-00234,LH-003,WO-002647,CMP-SVC,2026-06-19,20260619,8750,7791.9,250,-10.95,0,4.88,CMMS-SIM
PM-00235,LH-003,WO-002649,CMP-SVC,2026-06-22,20260622,16500,17777.0,500,7.74,1,7.88,CMMS-SIM
PM-00236,LH-003,WO-002657,CMP-SVC,2026-07-12,20260712,17000,18061.2,250,6.24,1,7.94,CMMS-SIM
PM-00237,LH-003,WO-002664,CMP-SVC,2026-07-29,20260729,7000,8719.2,1000,24.56,0,9.47,CMMS-SIM
PM-00238,LH-003,WO-002676,CMP-SVC,2026-08-25,20260825,17000,15688.3,500,-7.72,1,9.95,CMMS-SIM
PM-00239,LH-003,WO-002677,CMP-SVC,2026-08-30,20260830,19750,19467.5,250,-1.43,1,7.47,CMMS-SIM
PM-00240,LH-004,WO-002680,CMP-SVC,2025-10-02,20251002,22500,19390.6,500,-13.82,0,12.71,CMMS-SIM
PM-00241,LH-004,WO-002695,CMP-SVC,2025-10-20,20251020,17750,17838.9,250,0.5,1,5.94,CMMS-SIM
PM-00242,LH-004,WO-002718,CMP-SVC,2025-11-23,20251123,19250,17645.4,250,-8.34,1,8.27,CMMS-SIM
PM-00243,LH-004,WO-002723,CMP-SVC,2025-11-29,20251129,10500,13253.3,250,26.22,0,4.16,CMMS-SIM
PM-00244,LH-004,WO-002732,CMP-SVC,2025-12-11,20251211,23500,21155.1,500,-9.98,1,8.33,CMMS-SIM
PM-00245,LH-004,WO-002738,CMP-SVC,2025-12-26,20251226,9750,9372.9,250,-3.87,1,4.7,CMMS-SIM
PM-00246,LH-004,WO-002757,CMP-SVC,2026-01-15,20260115,12250,16139.6,250,31.75,0,5.15,CMMS-SIM
PM-00247,LH-004,WO-002760,CMP-SVC,2026-01-20,20260120,14250,13214.3,250,-7.27,1,1.99,CMMS-SIM
PM-00248,LH-004,WO-002763,CMP-SVC,2026-01-22,20260122,22500,20507.3,250,-8.86,1,7.17,CMMS-SIM
PM-00249,LH-004,WO-002768,CMP-SVC,2026-01-25,20260125,13250,12642.0,250,-4.59,1,3.65,CMMS-SIM
PM-00250,LH-004,WO-002769,CMP-SVC,2026-01-26,20260126,15500,14556.0,250,-6.09,1,4.31,CMMS-SIM
PM-00251,LH-004,WO-002772,CMP-SVC,2026-01-31,20260131,10000,9866.1,250,-1.34,1,5.52,CMMS-SIM
PM-00252,LH-004,WO-002810,CMP-SVC,2026-03-26,20260326,14250,13869.3,250,-2.67,1,6.16,CMMS-SIM
PM-00253,LH-004,WO-002837,CMP-SVC,2026-04-24,20260424,13750,13636.8,250,-0.82,1,9.12,CMMS-SIM
PM-00254,LH-004,WO-002844,CMP-SVC,2026-05-08,20260508,10500,11094.5,250,5.66,1,5.6,CMMS-SIM
PM-00255,LH-004,WO-002856,CMP-SVC,2026-05-25,20260525,19250,17792.2,250,-7.57,1,5.06,CMMS-SIM
PM-00256,LH-004,WO-002863,CMP-SVC,2026-06-07,20260607,9000,9123.6,500,1.37,1,6.19,CMMS-SIM
PM-00257,LH-004,WO-002882,CMP-SVC,2026-07-14,20260714,16750,16757.4,250,0.04,1,6.02,CMMS-SIM
PM-00258,LH-005,WO-002921,CMP-SVC,2025-10-15,20251015,9000,7843.0,1000,-12.86,0,10.76,CMMS-SIM
PM-00259,LH-005,WO-002932,CMP-SVC,2025-11-02,20251102,10000,11066.7,250,10.67,0,8.11,CMMS-SIM
PM-00260,LH-005,WO-002935,CMP-SVC,2025-11-05,20251105,17250,15967.1,250,-7.44,1,3.4,CMMS-SIM
PM-00261,LH-005,WO-002951,CMP-SVC,2025-11-22,20251122,18000,18472.1,250,2.62,1,2.99,CMMS-SIM
PM-00262,LH-005,WO-002955,CMP-SVC,2025-11-27,20251127,17750,18387.5,250,3.59,1,8.1,CMMS-SIM
PM-00263,LH-005,WO-002961,CMP-SVC,2025-12-04,20251204,10000,12482.6,250,24.83,0,7.75,CMMS-SIM
PM-00264,LH-005,WO-002974,CMP-SVC,2025-12-18,20251218,13750,13313.4,250,-3.18,1,4.96,CMMS-SIM
PM-00265,LH-005,WO-002990,CMP-SVC,2026-01-13,20260113,18500,18597.5,250,0.53,1,7.8,CMMS-SIM
PM-00266,LH-005,WO-003005,CMP-SVC,2026-01-30,20260130,16500,18111.6,500,9.77,1,10.45,CMMS-SIM
PM-00267,LH-005,WO-003021,CMP-SVC,2026-02-19,20260219,16500,15003.2,500,-9.07,1,10.16,CMMS-SIM
PM-00268,LH-005,WO-003029,CMP-SVC,2026-03-04,20260304,11500,10696.0,500,-6.99,1,8.42,CMMS-SIM
PM-00269,LH-005,WO-003033,CMP-SVC,2026-03-08,20260308,18250,18989.8,250,4.05,1,5.91,CMMS-SIM
PM-00270,LH-005,WO-003046,CMP-SVC,2026-03-24,20260324,21500,23384.8,500,8.77,1,12.27,CMMS-SIM
PM-00271,LH-005,WO-003059,CMP-SVC,2026-04-12,20260412,9500,10300.9,250,8.43,1,4.97,CMMS-SIM
PM-00272,LH-005,WO-003067,CMP-SVC,2026-05-02,20260502,12000,10734.6,500,-10.55,0,11.5,CMMS-SIM
PM-00273,LH-005,WO-003070,CMP-SVC,2026-05-06,20260506,16500,14640.8,250,-11.27,0,9.12,CMMS-SIM
PM-00274,LH-005,WO-003091,CMP-SVC,2026-05-31,20260531,22000,23893.5,500,8.61,1,8.06,CMMS-SIM
PM-00275,LH-005,WO-003092,CMP-SVC,2026-06-01,20260601,24000,25386.2,250,5.78,1,4.99,CMMS-SIM
PM-00276,LH-005,WO-003102,CMP-SVC,2026-06-15,20260615,14000,12306.5,500,-12.1,0,10.33,CMMS-SIM
PM-00277,LH-005,WO-003142,CMP-SVC,2026-08-20,20260820,18500,16243.2,500,-12.2,0,9.44,CMMS-SIM
PM-00278,LH-006,WO-003162,CMP-SVC,2025-10-15,20251015,12250,12100.5,250,-1.22,1,3.65,CMMS-SIM
PM-00279,LH-006,WO-003167,CMP-SVC,2025-10-17,20251017,8500,8070.2,250,-5.06,1,6.4,CMMS-SIM
PM-00280,LH-006,WO-003191,CMP-SVC,2025-11-18,20251118,22000,18951.9,500,-13.85,0,12.96,CMMS-SIM
PM-00281,LH-006,WO-003213,CMP-SVC,2025-12-11,20251211,22500,21853.3,500,-2.87,1,10.06,CMMS-SIM
PM-00282,LH-006,WO-003225,CMP-SVC,2025-12-30,20251230,15250,14156.2,250,-7.17,1,3.7,CMMS-SIM
PM-00283,LH-006,WO-003245,CMP-SVC,2026-01-20,20260120,10750,11331.0,250,5.4,1,6.07,CMMS-SIM
PM-00284,LH-006,WO-003258,CMP-SVC,2026-02-12,20260212,9250,8684.5,250,-6.11,1,5.89,CMMS-SIM
PM-00285,LH-006,WO-003270,CMP-SVC,2026-03-05,20260305,6750,6017.6,250,-10.85,0,3.74,CMMS-SIM
PM-00286,LH-006,WO-003272,CMP-SVC,2026-03-06,20260306,14500,15839.8,500,9.24,1,12.22,CMMS-SIM
PM-00287,LH-006,WO-003280,CMP-SVC,2026-03-12,20260312,12750,11665.7,250,-8.5,1,4.21,CMMS-SIM
PM-00288,LH-006,WO-003284,CMP-SVC,2026-03-21,20260321,12500,13461.0,250,7.69,1,2.36,CMMS-SIM
PM-00289,LH-006,WO-003316,CMP-SVC,2026-05-09,20260509,8750,8427.4,250,-3.69,1,5.71,CMMS-SIM
PM-00290,LH-006,WO-003324,CMP-SVC,2026-05-27,20260527,14500,16495.5,250,13.76,0,9.9,CMMS-SIM
PM-00291,LH-006,WO-003334,CMP-SVC,2026-06-10,20260610,21000,20624.8,500,-1.79,1,6.29,CMMS-SIM
PM-00292,LH-006,WO-003346,CMP-SVC,2026-07-05,20260705,20000,18918.6,500,-5.41,1,11.82,CMMS-SIM
PM-00293,LH-006,WO-003352,CMP-SVC,2026-07-24,20260724,6500,6732.7,250,3.58,1,5.5,CMMS-SIM
PM-00294,LH-006,WO-003366,CMP-SVC,2026-08-17,20260817,13000,15680.0,1000,20.62,0,7.9,CMMS-SIM
PM-00295,LH-007,WO-003398,CMP-SVC,2025-11-09,20251109,11750,14458.1,250,23.05,0,10.84,CMMS-SIM
PM-00296,LH-007,WO-003404,CMP-SVC,2025-11-18,20251118,13500,13376.8,250,-0.91,1,8.0,CMMS-SIM
PM-00297,LH-007,WO-003423,CMP-SVC,2025-12-17,20251217,10000,8572.4,250,-14.28,0,6.92,CMMS-SIM
PM-00298,LH-007,WO-003443,CMP-SVC,2026-01-15,20260115,10250,10483.9,250,2.28,1,4.24,CMMS-SIM
PM-00299,LH-007,WO-003466,CMP-SVC,2026-02-17,20260217,18000,15716.4,250,-12.69,0,3.01,CMMS-SIM
PM-00300,LH-007,WO-003482,CMP-SVC,2026-03-08,20260308,11250,12184.2,250,8.3,1,7.72,CMMS-SIM
PM-00301,LH-007,WO-003490,CMP-SVC,2026-03-25,20260325,17250,15551.1,250,-9.85,1,6.69,CMMS-SIM
PM-00302,LH-007,WO-003492,CMP-SVC,2026-03-27,20260327,13500,11519.8,500,-14.67,0,9.79,CMMS-SIM
PM-00303,LH-007,WO-003511,CMP-SVC,2026-04-25,20260425,14000,14375.6,250,2.68,1,3.29,CMMS-SIM
PM-00304,LH-007,WO-003518,CMP-SVC,2026-05-06,20260506,10500,12607.2,500,20.07,0,9.43,CMMS-SIM
PM-00305,LH-007,WO-003536,CMP-SVC,2026-06-05,20260605,20250,21229.9,250,4.84,1,7.87,CMMS-SIM
PM-00306,LH-007,WO-003546,CMP-SVC,2026-06-28,20260628,17750,19083.3,250,7.51,1,8.6,CMMS-SIM
PM-00307,LH-007,WO-003552,CMP-SVC,2026-07-05,20260705,9000,8439.0,1000,-6.23,1,10.35,CMMS-SIM
PM-00308,LH-007,WO-003577,CMP-SVC,2026-09-09,20260909,13500,13478.5,500,-0.16,1,15.68,CMMS-SIM
PM-00309,LH-008,WO-003591,CMP-SVC,2025-10-20,20251020,13000,13714.0,1000,5.49,1,10.76,CMMS-SIM
PM-00310,LH-008,WO-003608,CMP-SVC,2025-11-06,20251106,10000,10501.5,1000,5.01,1,7.79,CMMS-SIM
PM-00311,LH-008,WO-003616,CMP-SVC,2025-11-10,20251110,20000,19372.4,500,-3.14,1,12.84,CMMS-SIM
PM-00312,LH-008,WO-003631,CMP-SVC,2025-12-09,20251209,20000,18974.9,1000,-5.13,1,9.42,CMMS-SIM
PM-00313,LH-008,WO-003634,CMP-SVC,2025-12-11,20251211,8000,8603.9,250,7.55,1,10.85,CMMS-SIM
PM-00314,LH-008,WO-003639,CMP-SVC,2025-12-19,20251219,22750,20369.5,250,-10.46,0,7.4,CMMS-SIM
PM-00315,LH-008,WO-003641,CMP-SVC,2025-12-20,20251220,10250,11377.1,250,11.0,0,5.88,CMMS-SIM
PM-00316,LH-008,WO-003642,CMP-SVC,2025-12-21,20251221,21500,23463.8,500,9.13,1,12.14,CMMS-SIM
PM-00317,LH-008,WO-003649,CMP-SVC,2025-12-28,20251228,11750,10135.3,250,-13.74,0,7.31,CMMS-SIM
PM-00318,LH-008,WO-003652,CMP-SVC,2025-12-30,20251230,9000,10645.7,500,18.29,0,11.21,CMMS-SIM
PM-00319,LH-008,WO-003661,CMP-SVC,2026-01-20,20260120,23500,21731.6,500,-7.53,1,12.17,CMMS-SIM
PM-00320,LH-008,WO-003691,CMP-SVC,2026-02-20,20260220,17000,17642.3,1000,3.78,1,7.71,CMMS-SIM
PM-00321,LH-008,WO-003696,CMP-SVC,2026-02-28,20260228,7000,7801.6,250,11.45,0,6.71,CMMS-SIM
PM-00322,LH-008,WO-003697,CMP-SVC,2026-03-03,20260303,7500,6530.1,500,-12.93,0,9.2,CMMS-SIM
PM-00323,LH-008,WO-003731,CMP-SVC,2026-04-14,20260414,22000,20257.7,250,-7.92,1,3.67,CMMS-SIM
PM-00324,LH-008,WO-003740,CMP-SVC,2026-04-29,20260429,9750,9741.1,250,-0.09,1,2.39,CMMS-SIM
PM-00325,LH-008,WO-003795,CMP-SVC,2026-09-05,20260905,21000,18139.2,250,-13.62,0,6.66,CMMS-SIM
PM-00326,LH-008,WO-003796,CMP-SVC,2026-09-05,20260905,14000,18355.2,1000,31.11,0,12.22,CMMS-SIM
PM-00327,JD-001,WO-003806,CMP-SVC,2025-10-03,20251003,7000,5988.3,250,-14.45,0,7.75,CMMS-SIM
PM-00328,JD-001,WO-003809,CMP-SVC,2025-10-05,20251005,13750,11733.1,250,-14.67,0,4.76,CMMS-SIM
PM-00329,JD-001,WO-003813,CMP-SVC,2025-10-09,20251009,6500,5819.8,500,-10.47,0,11.22,CMMS-SIM
PM-00330,JD-001,WO-003816,CMP-SVC,2025-10-15,20251015,15250,15992.5,250,4.87,1,3.48,CMMS-SIM
PM-00331,JD-001,WO-003835,CMP-SVC,2025-11-08,20251108,21000,24596.9,1000,17.13,0,12.77,CMMS-SIM
PM-00332,JD-001,WO-003845,CMP-SVC,2025-11-19,20251119,19750,17625.3,250,-10.76,0,5.12,CMMS-SIM
PM-00333,JD-001,WO-003853,CMP-SVC,2025-12-07,20251207,21000,18432.7,250,-12.23,0,8.13,CMMS-SIM
PM-00334,JD-001,WO-003879,CMP-SVC,2026-01-18,20260118,14000,16069.0,250,14.78,0,4.53,CMMS-SIM
PM-00335,JD-001,WO-003890,CMP-SVC,2026-02-08,20260208,17250,16647.5,250,-3.49,1,3.32,CMMS-SIM
PM-00336,JD-001,WO-003896,CMP-SVC,2026-02-18,20260218,19250,18588.2,250,-3.44,1,4.69,CMMS-SIM
PM-00337,JD-001,WO-003899,CMP-SVC,2026-02-20,20260220,17000,17510.2,500,3.0,1,7.36,CMMS-SIM
PM-00338,JD-001,WO-003901,CMP-SVC,2026-02-24,20260224,11500,9995.4,500,-13.08,0,13.25,CMMS-SIM
PM-00339,JD-001,WO-003931,CMP-SVC,2026-04-04,20260404,11000,9740.3,500,-11.45,0,11.4,CMMS-SIM
PM-00340,JD-001,WO-003948,CMP-SVC,2026-04-26,20260426,17750,19372.7,250,9.14,1,3.39,CMMS-SIM
PM-00341,JD-001,WO-003949,CMP-SVC,2026-04-29,20260429,22250,24337.1,250,9.38,1,7.62,CMMS-SIM
PM-00342,JD-001,WO-003977,CMP-SVC,2026-06-29,20260629,19500,19726.2,500,1.16,1,9.01,CMMS-SIM
PM-00343,JD-001,WO-003982,CMP-SVC,2026-07-10,20260710,6000,5219.7,250,-13.01,0,7.5,CMMS-SIM
PM-00344,JD-001,WO-003986,CMP-SVC,2026-07-19,20260719,19500,17828.0,250,-8.57,1,7.7,CMMS-SIM
PM-00345,JD-001,WO-003989,CMP-SVC,2026-07-26,20260726,20750,25994.1,250,25.27,0,8.58,CMMS-SIM
PM-00346,JD-001,WO-004001,CMP-SVC,2026-09-11,20260911,12250,11019.0,250,-10.05,0,8.34,CMMS-SIM
PM-00347,JD-002,WO-004006,CMP-SVC,2025-10-10,20251010,12000,11074.2,250,-7.71,1,3.11,CMMS-SIM
PM-00348,JD-002,WO-004014,CMP-SVC,2025-10-24,20251024,18500,17743.7,250,-4.09,1,5.73,CMMS-SIM
PM-00349,JD-002,WO-004021,CMP-SVC,2025-11-04,20251104,13500,14111.0,500,4.53,1,11.43,CMMS-SIM
PM-00350,JD-002,WO-004033,CMP-SVC,2025-11-26,20251126,13500,12387.1,250,-8.24,1,8.75,CMMS-SIM
PM-00351,JD-002,WO-004034,CMP-SVC,2025-11-29,20251129,21500,20408.1,500,-5.08,1,7.95,CMMS-SIM
PM-00352,JD-002,WO-004047,CMP-SVC,2025-12-12,20251212,9250,8414.4,250,-9.03,1,3.23,CMMS-SIM
PM-00353,JD-002,WO-004067,CMP-SVC,2026-01-08,20260108,14500,15619.5,250,7.72,1,8.18,CMMS-SIM
PM-00354,JD-002,WO-004069,CMP-SVC,2026-01-18,20260118,20750,18158.4,250,-12.49,0,3.77,CMMS-SIM
PM-00355,JD-002,WO-004070,CMP-SVC,2026-01-18,20260118,7500,7483.3,250,-0.22,1,5.52,CMMS-SIM
PM-00356,JD-002,WO-004089,CMP-SVC,2026-02-21,20260221,12000,12712.5,250,5.94,1,4.46,CMMS-SIM
PM-00357,JD-002,WO-004091,CMP-SVC,2026-02-27,20260227,11250,14512.8,250,29.0,0,6.3,CMMS-SIM
PM-00358,JD-002,WO-004114,CMP-SVC,2026-04-09,20260409,13250,17761.6,250,34.05,0,8.81,CMMS-SIM
PM-00359,JD-002,WO-004121,CMP-SVC,2026-04-14,20260414,15750,16300.7,250,3.5,1,6.54,CMMS-SIM
PM-00360,JD-002,WO-004143,CMP-SVC,2026-05-20,20260520,11000,12612.1,500,14.66,0,11.22,CMMS-SIM
PM-00361,JD-002,WO-004150,CMP-SVC,2026-05-28,20260528,22000,21782.1,500,-0.99,1,11.52,CMMS-SIM
PM-00362,JD-002,WO-004160,CMP-SVC,2026-06-21,20260621,12750,13540.8,250,6.2,1,4.39,CMMS-SIM
PM-00363,JD-002,WO-004165,CMP-SVC,2026-07-11,20260711,19000,16509.5,500,-13.11,0,9.78,CMMS-SIM
PM-00364,JD-003,WO-004193,CMP-SVC,2025-10-17,20251017,9750,9397.7,250,-3.61,1,8.78,CMMS-SIM
PM-00365,JD-003,WO-004237,CMP-SVC,2025-12-15,20251215,16000,16172.7,500,1.08,1,11.15,CMMS-SIM
PM-00366,JD-003,WO-004238,CMP-SVC,2025-12-16,20251216,21500,20738.1,250,-3.54,1,6.28,CMMS-SIM
PM-00367,JD-003,WO-004246,CMP-SVC,2025-12-25,20251225,23500,21193.5,250,-9.81,1,7.07,CMMS-SIM
PM-00368,JD-003,WO-004247,CMP-SVC,2025-12-26,20251226,15500,15210.3,250,-1.87,1,5.13,CMMS-SIM
PM-00369,JD-003,WO-004262,CMP-SVC,2026-01-21,20260121,18500,16403.5,250,-11.33,0,7.76,CMMS-SIM
PM-00370,JD-003,WO-004263,CMP-SVC,2026-01-22,20260122,13250,14527.1,250,9.64,1,4.41,CMMS-SIM
PM-00371,JD-003,WO-004266,CMP-SVC,2026-01-28,20260128,7000,6917.5,250,-1.18,1,3.8,CMMS-SIM
PM-00372,JD-003,WO-004267,CMP-SVC,2026-01-30,20260130,17250,18350.0,250,6.38,1,8.02,CMMS-SIM
PM-00373,JD-003,WO-004273,CMP-SVC,2026-02-19,20260219,16750,18305.5,250,9.29,1,3.85,CMMS-SIM
PM-00374,JD-003,WO-004286,CMP-SVC,2026-03-18,20260318,14250,14565.4,250,2.21,1,5.37,CMMS-SIM
PM-00375,JD-003,WO-004298,CMP-SVC,2026-04-09,20260409,13000,15849.6,250,21.92,0,8.13,CMMS-SIM
PM-00376,JD-003,WO-004311,CMP-SVC,2026-05-16,20260516,16250,14434.5,250,-11.17,0,6.73,CMMS-SIM
PM-00377,JD-003,WO-004328,CMP-SVC,2026-06-24,20260624,7250,7528.5,250,3.84,1,5.68,CMMS-SIM
PM-00378,JD-003,WO-004340,CMP-SVC,2026-07-18,20260718,12250,11116.0,250,-9.26,1,5.7,CMMS-SIM
PM-00379,JD-004,WO-004370,CMP-SVC,2025-10-20,20251020,14500,18234.7,500,25.76,0,10.54,CMMS-SIM
PM-00380,JD-004,WO-004378,CMP-SVC,2025-11-04,20251104,11000,10729.1,250,-2.46,1,3.82,CMMS-SIM
PM-00381,JD-004,WO-004380,CMP-SVC,2025-11-10,20251110,14000,13912.9,250,-0.62,1,8.3,CMMS-SIM
PM-00382,JD-004,WO-004385,CMP-SVC,2025-11-16,20251116,20750,27961.0,250,34.75,0,6.7,CMMS-SIM
PM-00383,JD-004,WO-004405,CMP-SVC,2025-12-03,20251203,12000,11387.7,250,-5.1,1,6.58,CMMS-SIM
PM-00384,JD-004,WO-004407,CMP-SVC,2025-12-05,20251205,12500,15965.3,500,27.72,0,9.26,CMMS-SIM
PM-00385,JD-004,WO-004413,CMP-SVC,2025-12-13,20251213,11000,11074.2,250,0.67,1,6.42,CMMS-SIM
PM-00386,JD-004,WO-004416,CMP-SVC,2025-12-15,20251215,21500,22773.6,500,5.92,1,9.69,CMMS-SIM
PM-00387,JD-004,WO-004427,CMP-SVC,2025-12-24,20251224,19000,20690.0,500,8.89,1,8.83,CMMS-SIM
PM-00388,JD-004,WO-004449,CMP-SVC,2026-01-27,20260127,7000,9439.7,250,34.85,0,7.18,CMMS-SIM
PM-00389,JD-004,WO-004456,CMP-SVC,2026-02-04,20260204,7000,6745.0,250,-3.64,1,5.6,CMMS-SIM
PM-00390,JD-004,WO-004461,CMP-SVC,2026-02-16,20260216,15500,13246.4,500,-14.54,0,9.3,CMMS-SIM
PM-00391,JD-004,WO-004462,CMP-SVC,2026-02-17,20260217,23000,19898.2,500,-13.49,0,9.9,CMMS-SIM
PM-00392,JD-004,WO-004463,CMP-SVC,2026-02-19,20260219,19500,20652.3,500,5.91,1,9.11,CMMS-SIM
PM-00393,JD-004,WO-004471,CMP-SVC,2026-03-05,20260305,13500,13972.4,500,3.5,1,10.19,CMMS-SIM
PM-00394,JD-004,WO-004477,CMP-SVC,2026-03-12,20260312,8250,7211.1,250,-12.59,0,5.3,CMMS-SIM
PM-00395,JD-004,WO-004493,CMP-SVC,2026-04-03,20260403,13750,17302.8,250,25.84,0,6.42,CMMS-SIM
PM-00396,JD-004,WO-004513,CMP-SVC,2026-05-09,20260509,10500,11925.7,250,13.58,0,5.18,CMMS-SIM
PM-00397,JD-004,WO-004515,CMP-SVC,2026-05-13,20260513,17500,20250.0,500,15.71,0,9.87,CMMS-SIM
PM-00398,JD-004,WO-004519,CMP-SVC,2026-05-18,20260518,14000,14772.0,250,5.51,1,5.98,CMMS-SIM
PM-00399,JD-004,WO-004523,CMP-SVC,2026-05-22,20260522,8000,8682.9,1000,8.54,1,9.03,CMMS-SIM
PM-00400,JD-004,WO-004530,CMP-SVC,2026-06-04,20260604,20000,18842.1,500,-5.79,1,10.21,CMMS-SIM
PM-00401,JD-004,WO-004556,CMP-SVC,2026-07-30,20260730,17000,17211.6,1000,1.24,1,8.91,CMMS-SIM
PM-00402,JD-004,WO-004562,CMP-SVC,2026-08-09,20260809,10000,10111.5,250,1.11,1,7.18,CMMS-SIM
PM-00403,JD-005,WO-004577,CMP-SVC,2025-10-06,20251006,7250,7201.5,250,-0.67,1,5.81,CMMS-SIM
PM-00404,JD-005,WO-004600,CMP-SVC,2025-10-29,20251029,18500,23544.9,250,27.27,0,6.67,CMMS-SIM
PM-00405,JD-005,WO-004607,CMP-SVC,2025-11-10,20251110,13000,12575.5,1000,-3.27,1,12.43,CMMS-SIM
PM-00406,JD-005,WO-004608,CMP-SVC,2025-11-14,20251114,10250,9702.9,250,-5.34,1,5.31,CMMS-SIM
PM-00407,JD-005,WO-004614,CMP-SVC,2025-11-18,20251118,10250,10489.5,250,2.34,1,6.35,CMMS-SIM
PM-00408,JD-005,WO-004619,CMP-SVC,2025-11-22,20251122,11000,10461.0,500,-4.9,1,9.91,CMMS-SIM
PM-00409,JD-005,WO-004627,CMP-SVC,2025-12-01,20251201,10000,10064.9,1000,0.65,1,7.26,CMMS-SIM
PM-00410,JD-005,WO-004637,CMP-SVC,2025-12-17,20251217,7000,6244.4,500,-10.79,0,11.74,CMMS-SIM
PM-00411,JD-005,WO-004650,CMP-SVC,2026-01-04,20260104,20250,26574.3,250,31.23,0,4.81,CMMS-SIM
PM-00412,JD-005,WO-004652,CMP-SVC,2026-01-06,20260106,6500,5917.1,250,-8.97,1,7.31,CMMS-SIM
PM-00413,JD-005,WO-004658,CMP-SVC,2026-01-13,20260113,8500,8192.5,250,-3.62,1,4.69,CMMS-SIM
PM-00414,JD-005,WO-004663,CMP-SVC,2026-01-18,20260118,18000,18334.3,250,1.86,1,6.94,CMMS-SIM
PM-00415,JD-005,WO-004664,CMP-SVC,2026-01-20,20260120,12250,12618.5,250,3.01,1,5.12,CMMS-SIM
PM-00416,JD-005,WO-004671,CMP-SVC,2026-01-28,20260128,10500,10424.8,500,-0.72,1,10.87,CMMS-SIM
PM-00417,JD-005,WO-004676,CMP-SVC,2026-02-05,20260205,14500,14157.2,250,-2.36,1,5.73,CMMS-SIM
PM-00418,JD-005,WO-004692,CMP-SVC,2026-02-21,20260221,13250,13661.9,250,3.11,1,5.63,CMMS-SIM
PM-00419,JD-005,WO-004694,CMP-SVC,2026-02-22,20260222,23750,25649.3,250,8.0,1,3.25,CMMS-SIM
PM-00420,JD-005,WO-004714,CMP-SVC,2026-03-18,20260318,17250,17889.2,250,3.71,1,6.61,CMMS-SIM
PM-00421,JD-005,WO-004721,CMP-SVC,2026-03-25,20260325,16000,13647.5,500,-14.7,0,11.11,CMMS-SIM
PM-00422,JD-005,WO-004733,CMP-SVC,2026-04-16,20260416,21500,23319.1,250,8.46,1,4.33,CMMS-SIM
PM-00423,JD-005,WO-004737,CMP-SVC,2026-04-19,20260419,10500,10749.6,250,2.38,1,6.84,CMMS-SIM
PM-00424,JD-005,WO-004763,CMP-SVC,2026-05-29,20260529,11500,10555.6,250,-8.21,1,1.0,CMMS-SIM
PM-00425,JD-005,WO-004765,CMP-SVC,2026-06-01,20260601,16250,21212.1,250,30.54,0,6.01,CMMS-SIM
PM-00426,JD-005,WO-004768,CMP-SVC,2026-06-11,20260611,14500,13472.5,250,-7.09,1,7.67,CMMS-SIM
PM-00427,JD-005,WO-004772,CMP-SVC,2026-06-24,20260624,19750,17442.8,250,-11.68,0,4.55,CMMS-SIM
PM-00428,JD-005,WO-004774,CMP-SVC,2026-06-28,20260628,7500,7456.9,500,-0.57,1,10.19,CMMS-SIM
PM-00429,JD-005,WO-004788,CMP-SVC,2026-07-22,20260722,21750,22406.2,250,3.02,1,6.79,CMMS-SIM
PM-00430,JD-005,WO-004789,CMP-SVC,2026-07-26,20260726,13000,12189.8,250,-6.23,1,8.4,CMMS-SIM
PM-00431,JD-006,WO-004815,CMP-SVC,2025-10-13,20251013,22750,24363.9,250,7.09,1,4.88,CMMS-SIM
PM-00432,JD-006,WO-004816,CMP-SVC,2025-10-14,20251014,17250,18279.4,250,5.97,1,6.25,CMMS-SIM
PM-00433,JD-006,WO-004822,CMP-SVC,2025-10-28,20251028,19500,18121.1,250,-7.07,1,6.91,CMMS-SIM
PM-00434,JD-006,WO-004827,CMP-SVC,2025-11-04,20251104,19500,18565.7,500,-4.79,1,10.93,CMMS-SIM
PM-00435,JD-006,WO-004832,CMP-SVC,2025-11-15,20251115,8000,7070.8,1000,-11.62,0,10.33,CMMS-SIM
PM-00436,JD-006,WO-004848,CMP-SVC,2025-12-10,20251210,12000,11925.9,1000,-0.62,1,11.8,CMMS-SIM
PM-00437,JD-006,WO-004888,CMP-SVC,2026-02-19,20260219,22000,20605.0,250,-6.34,1,10.23,CMMS-SIM
PM-00438,JD-006,WO-004894,CMP-SVC,2026-03-03,20260303,17750,15517.6,250,-12.58,0,7.63,CMMS-SIM
PM-00439,JD-006,WO-004899,CMP-SVC,2026-03-10,20260310,22000,19984.3,250,-9.16,1,4.7,CMMS-SIM
PM-00440,JD-006,WO-004907,CMP-SVC,2026-03-21,20260321,19500,19541.9,250,0.21,1,5.66,CMMS-SIM
PM-00441,JD-006,WO-004908,CMP-SVC,2026-03-22,20260322,13000,15618.4,250,20.14,0,6.45,CMMS-SIM
PM-00442,JD-006,WO-004935,CMP-SVC,2026-05-16,20260516,19500,20490.1,250,5.08,1,7.91,CMMS-SIM
PM-00443,JD-006,WO-004949,CMP-SVC,2026-06-12,20260612,14500,14678.6,250,1.23,1,6.97,CMMS-SIM
PM-00444,JD-006,WO-004958,CMP-SVC,2026-07-06,20260706,23750,29615.2,250,24.7,0,5.79,CMMS-SIM
PM-00445,BT-001,WO-004987,CMP-SVC,2025-10-10,20251010,24000,25004.4,500,4.19,1,8.77,CMMS-SIM
PM-00446,BT-001,WO-004994,CMP-SVC,2025-11-04,20251104,14250,12460.4,250,-12.56,0,5.64,CMMS-SIM
PM-00447,BT-001,WO-005001,CMP-SVC,2025-11-23,20251123,23000,21268.5,250,-7.53,1,7.96,CMMS-SIM
PM-00448,BT-001,WO-005012,CMP-SVC,2025-12-05,20251205,14500,14173.3,500,-2.25,1,11.05,CMMS-SIM
PM-00449,BT-001,WO-005014,CMP-SVC,2025-12-08,20251208,10000,9239.3,250,-7.61,1,3.14,CMMS-SIM
PM-00450,BT-001,WO-005025,CMP-SVC,2025-12-21,20251221,14500,14883.2,500,2.64,1,11.97,CMMS-SIM
PM-00451,BT-001,WO-005035,CMP-SVC,2026-01-04,20260104,19250,18607.5,250,-3.34,1,7.76,CMMS-SIM
PM-00452,BT-001,WO-005036,CMP-SVC,2026-01-07,20260107,19000,19023.7,1000,0.12,1,13.49,CMMS-SIM
PM-00453,BT-001,WO-005054,CMP-SVC,2026-02-17,20260217,17000,16966.4,500,-0.2,1,11.85,CMMS-SIM
PM-00454,BT-001,WO-005062,CMP-SVC,2026-03-03,20260303,18750,16897.1,250,-9.88,1,5.77,CMMS-SIM
PM-00455,BT-001,WO-005064,CMP-SVC,2026-03-08,20260308,20000,18381.6,250,-8.09,1,6.2,CMMS-SIM
PM-00456,BT-001,WO-005070,CMP-SVC,2026-03-25,20260325,22000,24112.5,250,9.6,1,6.68,CMMS-SIM
PM-00457,BT-001,WO-005089,CMP-SVC,2026-04-22,20260422,12500,13460.2,500,7.68,1,6.35,CMMS-SIM
PM-00458,BT-001,WO-005099,CMP-SVC,2026-05-22,20260522,16000,17033.2,500,6.46,1,10.37,CMMS-SIM
PM-00459,BT-001,WO-005125,CMP-SVC,2026-08-23,20260823,23500,22586.5,250,-3.89,1,10.74,CMMS-SIM
PM-00460,BT-002,WO-005139,CMP-SVC,2025-10-13,20251013,7000,6822.0,500,-2.54,1,13.58,CMMS-SIM
PM-00461,BT-002,WO-005145,CMP-SVC,2025-11-01,20251101,14500,15319.1,500,5.65,1,12.11,CMMS-SIM
PM-00462,BT-002,WO-005148,CMP-SVC,2025-11-06,20251106,13500,14282.1,250,5.79,1,2.78,CMMS-SIM
PM-00463,BT-002,WO-005169,CMP-SVC,2025-12-07,20251207,12000,12392.1,1000,3.27,1,9.49,CMMS-SIM
PM-00464,BT-002,WO-005183,CMP-SVC,2026-01-02,20260102,15000,16303.0,500,8.69,1,10.24,CMMS-SIM
PM-00465,BT-002,WO-005196,CMP-SVC,2026-01-24,20260124,14500,18486.4,250,27.49,0,4.25,CMMS-SIM
PM-00466,BT-002,WO-005225,CMP-SVC,2026-04-01,20260401,14500,13990.9,500,-3.51,1,11.83,CMMS-SIM
PM-00467,BT-002,WO-005226,CMP-SVC,2026-04-04,20260404,21500,18893.7,500,-12.12,0,7.47,CMMS-SIM
PM-00468,BT-002,WO-005238,CMP-SVC,2026-05-12,20260512,23500,30385.4,500,29.3,0,10.64,CMMS-SIM
PM-00469,BT-002,WO-005241,CMP-SVC,2026-05-18,20260518,22500,21795.0,250,-3.13,1,8.62,CMMS-SIM
PM-00470,BT-002,WO-005250,CMP-SVC,2026-06-16,20260616,10500,11091.8,250,5.64,1,7.06,CMMS-SIM
PM-00471,BT-002,WO-005254,CMP-SVC,2026-07-05,20260705,14500,12537.8,500,-13.53,0,8.23,CMMS-SIM
PM-00472,BT-002,WO-005267,CMP-SVC,2026-08-27,20260827,23250,27593.9,250,18.68,0,6.93,CMMS-SIM
PM-00473,BT-003,WO-005274,CMP-SVC,2025-10-03,20251003,13250,13251.2,250,0.01,1,5.22,CMMS-SIM
PM-00474,BT-003,WO-005282,CMP-SVC,2025-10-16,20251016,9500,12812.8,500,34.87,0,10.92,CMMS-SIM
PM-00475,BT-003,WO-005287,CMP-SVC,2025-11-01,20251101,22750,23379.9,250,2.77,1,6.28,CMMS-SIM
PM-00476,BT-003,WO-005291,CMP-SVC,2025-11-08,20251108,10250,10609.6,250,3.51,1,6.34,CMMS-SIM
PM-00477,BT-003,WO-005294,CMP-SVC,2025-11-14,20251114,10000,9412.6,250,-5.87,1,3.2,CMMS-SIM
PM-00478,BT-003,WO-005309,CMP-SVC,2025-12-04,20251204,22750,19565.4,250,-14.0,0,3.02,CMMS-SIM
PM-00479,BT-003,WO-005336,CMP-SVC,2026-01-26,20260126,17000,14631.5,500,-13.93,0,11.93,CMMS-SIM
PM-00480,BT-003,WO-005341,CMP-SVC,2026-02-01,20260201,11750,11204.2,250,-4.65,1,8.22,CMMS-SIM
PM-00481,BT-003,WO-005359,CMP-SVC,2026-03-05,20260305,23500,23260.6,250,-1.02,1,7.27,CMMS-SIM
PM-00482,BT-003,WO-005363,CMP-SVC,2026-03-15,20260315,17000,20414.1,250,20.08,0,3.55,CMMS-SIM
PM-00483,BT-003,WO-005365,CMP-SVC,2026-03-17,20260317,10500,10337.0,250,-1.55,1,7.94,CMMS-SIM
PM-00484,BT-003,WO-005368,CMP-SVC,2026-03-31,20260331,10000,8627.0,250,-13.73,0,5.57,CMMS-SIM
PM-00485,BT-003,WO-005393,CMP-SVC,2026-05-21,20260521,21000,19952.0,1000,-4.99,1,11.59,CMMS-SIM
PM-00486,BT-003,WO-005404,CMP-SVC,2026-06-10,20260610,7000,7168.0,500,2.4,1,10.29,CMMS-SIM
PM-00487,BT-003,WO-005416,CMP-SVC,2026-07-01,20260701,12000,11733.1,500,-2.22,1,13.62,CMMS-SIM
PM-00488,BT-003,WO-005432,CMP-SVC,2026-09-09,20260909,19500,18729.7,250,-3.95,1,7.33,CMMS-SIM
PM-00489,BT-004,WO-005442,CMP-SVC,2025-10-23,20251023,23000,24033.5,1000,4.49,1,7.87,CMMS-SIM
PM-00490,BT-004,WO-005463,CMP-SVC,2025-12-04,20251204,23000,22534.8,500,-2.02,1,9.56,CMMS-SIM
PM-00491,BT-004,WO-005476,CMP-SVC,2025-12-17,20251217,15250,12998.4,250,-14.76,0,8.84,CMMS-SIM
PM-00492,BT-004,WO-005485,CMP-SVC,2026-01-06,20260106,6000,5983.3,250,-0.28,1,4.11,CMMS-SIM
PM-00493,BT-004,WO-005493,CMP-SVC,2026-01-25,20260125,9000,9533.0,1000,5.92,1,12.92,CMMS-SIM
PM-00494,BT-004,WO-005494,CMP-SVC,2026-01-28,20260128,14750,13548.9,250,-8.14,1,1.05,CMMS-SIM
PM-00495,BT-004,WO-005495,CMP-SVC,2026-01-30,20260130,17000,18571.4,250,9.24,1,7.45,CMMS-SIM
PM-00496,BT-004,WO-005500,CMP-SVC,2026-02-08,20260208,12250,14977.8,250,22.27,0,4.51,CMMS-SIM
PM-00497,BT-004,WO-005513,CMP-SVC,2026-03-13,20260313,6500,6473.9,250,-0.4,1,7.02,CMMS-SIM
PM-00498,BT-004,WO-005521,CMP-SVC,2026-04-03,20260403,10500,9378.3,250,-10.68,0,4.89,CMMS-SIM
PM-00499,BT-004,WO-005522,CMP-SVC,2026-04-06,20260406,6500,6345.4,500,-2.38,1,7.0,CMMS-SIM
PM-00500,BT-004,WO-005541,CMP-SVC,2026-05-09,20260509,14000,13627.3,500,-2.66,1,10.42,CMMS-SIM
PM-00501,BT-004,WO-005564,CMP-SVC,2026-07-20,20260720,11000,11849.7,500,7.72,1,12.85,CMMS-SIM
PM-00502,BT-004,WO-005566,CMP-SVC,2026-07-23,20260723,10250,10311.0,250,0.59,1,5.0,CMMS-SIM
PM-00503,BT-005,WO-005592,CMP-SVC,2025-10-26,20251026,13750,14957.1,250,8.78,1,6.77,CMMS-SIM
PM-00504,BT-005,WO-005599,CMP-SVC,2025-11-08,20251108,19500,21045.4,500,7.93,1,11.69,CMMS-SIM
PM-00505,BT-005,WO-005604,CMP-SVC,2025-11-14,20251114,18000,19707.5,500,9.49,1,10.76,CMMS-SIM
PM-00506,BT-005,WO-005613,CMP-SVC,2025-12-04,20251204,21750,27430.3,250,26.12,0,7.42,CMMS-SIM
PM-00507,BT-005,WO-005670,CMP-SVC,2026-05-05,20260505,9250,9251.0,250,0.01,1,4.5,CMMS-SIM
PM-00508,BT-005,WO-005671,CMP-SVC,2026-05-07,20260507,20500,21104.2,500,2.95,1,8.55,CMMS-SIM
PM-00509,BT-005,WO-005699,CMP-SVC,2026-08-17,20260817,17000,16848.3,1000,-0.89,1,9.98,CMMS-SIM
PM-00510,BT-005,WO-005702,CMP-SVC,2026-09-08,20260908,12000,11764.7,500,-1.96,1,9.52,CMMS-SIM
PM-00511,BT-006,WO-005712,CMP-SVC,2025-10-15,20251015,8000,9174.9,1000,14.69,0,11.13,CMMS-SIM
PM-00512,BT-006,WO-005722,CMP-SVC,2025-10-29,20251029,8000,7684.4,1000,-3.94,1,10.79,CMMS-SIM
PM-00513,BT-006,WO-005745,CMP-SVC,2025-12-22,20251222,23500,27715.5,500,17.94,0,14.48,CMMS-SIM
PM-00514,BT-006,WO-005749,CMP-SVC,2025-12-30,20251230,15750,15353.7,250,-2.52,1,7.74,CMMS-SIM
PM-00515,BT-006,WO-005755,CMP-SVC,2026-01-07,20260107,22000,18844.9,1000,-14.34,0,10.88,CMMS-SIM
PM-00516,BT-006,WO-005763,CMP-SVC,2026-01-17,20260117,21000,22532.4,250,7.3,1,5.17,CMMS-SIM
PM-00517,BT-006,WO-005768,CMP-SVC,2026-01-31,20260131,20500,20043.2,500,-2.23,1,13.05,CMMS-SIM
PM-00518,BT-006,WO-005770,CMP-SVC,2026-02-04,20260204,22000,19235.2,250,-12.57,0,6.33,CMMS-SIM
PM-00519,BT-006,WO-005776,CMP-SVC,2026-02-10,20260210,11000,10028.7,250,-8.83,1,7.77,CMMS-SIM
PM-00520,BT-006,WO-005780,CMP-SVC,2026-02-18,20260218,8000,6894.0,250,-13.83,0,9.59,CMMS-SIM
PM-00521,BT-006,WO-005812,CMP-SVC,2026-04-11,20260411,10500,10060.3,250,-4.19,1,7.71,CMMS-SIM
PM-00522,BT-006,WO-005815,CMP-SVC,2026-04-14,20260414,11000,11744.7,500,6.77,1,10.47,CMMS-SIM
PM-00523,BT-006,WO-005820,CMP-SVC,2026-04-28,20260428,9250,11909.7,250,28.75,0,5.76,CMMS-SIM
PM-00524,BT-006,WO-005831,CMP-SVC,2026-05-15,20260515,7500,6502.8,500,-13.3,0,11.84,CMMS-SIM
PM-00525,BT-006,WO-005837,CMP-SVC,2026-05-23,20260523,13500,12738.8,250,-5.64,1,6.64,CMMS-SIM
PM-00526,BT-006,WO-005845,CMP-SVC,2026-06-13,20260613,22500,23080.9,500,2.58,1,13.56,CMMS-SIM
PM-00527,BT-006,WO-005862,CMP-SVC,2026-08-13,20260813,20500,19843.8,250,-3.2,1,6.95,CMMS-SIM
PM-00528,UV-001,WO-005876,CMP-SVC,2025-10-13,20251013,6250,5679.5,250,-9.13,1,4.51,CMMS-SIM
PM-00529,UV-001,WO-005883,CMP-SVC,2025-10-30,20251030,17250,18797.4,250,8.97,1,14.9,CMMS-SIM
PM-00530,UV-001,WO-005885,CMP-SVC,2025-11-02,20251102,21750,21403.3,250,-1.59,1,6.66,CMMS-SIM
PM-00531,UV-001,WO-005895,CMP-SVC,2025-11-18,20251118,22500,28535.1,250,26.82,0,5.67,CMMS-SIM
PM-00532,UV-001,WO-005909,CMP-SVC,2025-12-09,20251209,22500,22256.7,500,-1.08,1,9.58,CMMS-SIM
PM-00533,UV-001,WO-005912,CMP-SVC,2025-12-16,20251216,23500,21180.6,250,-9.87,1,8.55,CMMS-SIM
PM-00534,UV-001,WO-005919,CMP-SVC,2026-01-03,20260103,14000,12531.1,1000,-10.49,0,13.26,CMMS-SIM
PM-00535,UV-001,WO-005930,CMP-SVC,2026-01-18,20260118,9000,8748.7,250,-2.79,1,7.88,CMMS-SIM
PM-00536,UV-001,WO-005933,CMP-SVC,2026-01-24,20260124,9000,7987.3,250,-11.25,0,7.31,CMMS-SIM
PM-00537,UV-001,WO-005934,CMP-SVC,2026-01-31,20260131,12500,11295.8,250,-9.63,1,10.1,CMMS-SIM
PM-00538,UV-001,WO-005940,CMP-SVC,2026-02-17,20260217,20500,19961.4,500,-2.63,1,11.4,CMMS-SIM
PM-00539,UV-001,WO-005942,CMP-SVC,2026-02-20,20260220,23250,23264.2,250,0.06,1,10.3,CMMS-SIM
PM-00540,UV-001,WO-005966,CMP-SVC,2026-04-26,20260426,13000,13871.6,1000,6.7,1,8.23,CMMS-SIM
PM-00541,UV-001,WO-005987,CMP-SVC,2026-06-14,20260614,18500,16249.9,250,-12.16,0,9.38,CMMS-SIM
PM-00542,UV-001,WO-005988,CMP-SVC,2026-06-16,20260616,6500,6193.1,500,-4.72,1,7.96,CMMS-SIM
PM-00543,UV-001,WO-005994,CMP-SVC,2026-07-12,20260712,20000,18579.6,500,-7.1,1,9.02,CMMS-SIM
PM-00544,UV-002,WO-006016,CMP-SVC,2025-10-19,20251019,10000,10034.8,250,0.35,1,3.84,CMMS-SIM
PM-00545,UV-002,WO-006027,CMP-SVC,2025-11-05,20251105,20500,18958.8,250,-7.52,1,4.44,CMMS-SIM
PM-00546,UV-002,WO-006051,CMP-SVC,2025-12-28,20251228,14000,14205.7,250,1.47,1,9.7,CMMS-SIM
PM-00547,UV-002,WO-006055,CMP-SVC,2026-01-06,20260106,16250,19006.9,250,16.97,0,9.01,CMMS-SIM
PM-00548,UV-002,WO-006071,CMP-SVC,2026-03-02,20260302,18000,18758.5,250,4.21,1,6.18,CMMS-SIM
PM-00549,UV-002,WO-006072,CMP-SVC,2026-03-03,20260303,6500,6967.2,250,7.19,1,2.57,CMMS-SIM
PM-00550,UV-002,WO-006080,CMP-SVC,2026-04-07,20260407,7500,6673.8,250,-11.02,0,8.53,CMMS-SIM
PM-00551,UV-002,WO-006086,CMP-SVC,2026-05-06,20260506,22500,24350.3,250,8.22,1,5.73,CMMS-SIM
PM-00552,UV-002,WO-006090,CMP-SVC,2026-05-14,20260514,18000,17718.4,1000,-1.56,1,10.35,CMMS-SIM
PM-00553,UV-002,WO-006104,CMP-SVC,2026-07-23,20260723,16500,14487.4,250,-12.2,0,3.87,CMMS-SIM
PM-00554,UV-003,WO-006109,CMP-SVC,2025-10-03,20251003,22500,24318.7,500,8.08,1,12.41,CMMS-SIM
PM-00555,UV-003,WO-006137,CMP-SVC,2025-12-14,20251214,21250,22671.8,250,6.69,1,5.07,CMMS-SIM
PM-00556,UV-003,WO-006140,CMP-SVC,2025-12-20,20251220,14500,13320.3,500,-8.14,1,11.43,CMMS-SIM
PM-00557,UV-003,WO-006142,CMP-SVC,2025-12-22,20251222,16250,17228.4,250,6.02,1,8.04,CMMS-SIM
PM-00558,UV-003,WO-006149,CMP-SVC,2025-12-31,20251231,22500,21820.3,500,-3.02,1,8.66,CMMS-SIM
PM-00559,UV-003,WO-006152,CMP-SVC,2026-01-09,20260109,13000,11586.8,250,-10.87,0,9.45,CMMS-SIM
PM-00560,UV-003,WO-006156,CMP-SVC,2026-01-19,20260119,10000,9862.7,1000,-1.37,1,11.08,CMMS-SIM
PM-00561,UV-003,WO-006178,CMP-SVC,2026-03-02,20260302,12000,16069.2,500,33.91,0,10.27,CMMS-SIM
PM-00562,UV-003,WO-006185,CMP-SVC,2026-03-23,20260323,13500,12423.7,500,-7.97,1,3.77,CMMS-SIM
PM-00563,UV-003,WO-006188,CMP-SVC,2026-04-03,20260403,15000,13729.5,250,-8.47,1,7.12,CMMS-SIM
PM-00564,UV-003,WO-006207,CMP-SVC,2026-05-26,20260526,20500,17517.7,500,-14.55,0,10.23,CMMS-SIM
PM-00565,UV-003,WO-006224,CMP-SVC,2026-08-02,20260802,12750,13856.6,250,8.68,1,4.64,CMMS-SIM
PM-00566,UV-003,WO-006229,CMP-SVC,2026-08-27,20260827,17500,18772.1,250,7.27,1,9.9,CMMS-SIM
PM-00567,UV-004,WO-006239,CMP-SVC,2025-10-08,20251008,17500,18584.6,250,6.2,1,6.23,CMMS-SIM
PM-00568,UV-004,WO-006253,CMP-SVC,2025-11-04,20251104,21500,21250.3,250,-1.16,1,6.51,CMMS-SIM
PM-00569,UV-004,WO-006260,CMP-SVC,2025-12-02,20251202,14500,13835.7,250,-4.58,1,7.3,CMMS-SIM
PM-00570,UV-004,WO-006280,CMP-SVC,2026-02-02,20260202,11500,15022.4,250,30.63,0,3.13,CMMS-SIM
PM-00571,UV-004,WO-006284,CMP-SVC,2026-02-25,20260225,22000,23908.3,250,8.67,1,9.09,CMMS-SIM
PM-00572,UV-004,WO-006290,CMP-SVC,2026-03-15,20260315,20000,19803.1,500,-0.98,1,8.62,CMMS-SIM
PM-00573,UV-004,WO-006304,CMP-SVC,2026-04-08,20260408,13500,14802.8,250,9.65,1,3.21,CMMS-SIM
PM-00574,UV-004,WO-006308,CMP-SVC,2026-04-29,20260429,17000,15738.5,1000,-7.42,1,11.19,CMMS-SIM
PM-00575,UV-004,WO-006309,CMP-SVC,2026-04-30,20260430,13250,11875.4,250,-10.37,0,6.78,CMMS-SIM
PM-00576,UV-004,WO-006314,CMP-SVC,2026-05-19,20260519,6000,5186.2,1000,-13.56,0,8.33,CMMS-SIM
